id,name,createdAt,updatedAt
378814,CodeBuilder,2026-05-04T00:41:55.454Z,2026-05-04T00:41:55.454Z
378815,OB_Archiver,2026-05-04T00:41:55.475Z,2026-05-04T00:41:55.475Z
378816,applimits,2026-05-04T00:41:55.519Z,2026-05-04T00:41:55.519Z
378817,bar,2026-05-04T00:41:55.528Z,2026-05-04T00:41:55.528Z
378818,datadetect,2026-05-04T00:41:55.540Z,2026-05-04T00:41:55.540Z
378819,datamask,2026-05-04T00:41:55.559Z,2026-05-04T00:41:55.559Z
378820,einsteinplay,2026-05-04T00:41:55.583Z,2026-05-04T00:41:55.583Z
378821,privacycenter,2026-05-04T00:41:55.591Z,2026-05-04T00:41:55.591Z
378822,qbranch,2026-05-04T00:41:55.607Z,2026-05-04T00:41:55.607Z
378823,sc_ext,2026-05-04T00:41:55.612Z,2026-05-04T00:41:55.612Z
378824,sf_devops,2026-05-04T00:41:55.695Z,2026-05-04T00:41:55.695Z
378825,shield_ext,2026-05-04T00:41:55.859Z,2026-05-04T00:41:55.859Z
378826,smon,2026-05-04T00:41:55.937Z,2026-05-04T00:41:55.937Z
378827,sonar,2026-05-04T00:41:55.943Z,2026-05-04T00:41:55.943Z
378828,trxsecurity,2026-05-04T00:41:55.952Z,2026-05-04T00:41:55.952Z
378829,uar,2026-05-04T00:41:55.964Z,2026-05-04T00:41:55.964Z
378830,ebikesaws,2026-05-04T00:41:55.972Z,2026-05-04T00:41:55.972Z
378831,Address_Change,2026-05-04T00:41:55.978Z,2026-05-04T00:41:55.978Z
378832,Arc_Payment,2026-05-04T00:41:55.982Z,2026-05-04T00:41:55.982Z
378833,ArchivedAccount,2026-05-04T00:41:55.985Z,2026-05-04T00:41:55.985Z
378834,ArchivedContact,2026-05-04T00:41:55.989Z,2026-05-04T00:41:55.989Z
378835,ArchivedPayment,2026-05-04T00:41:55.993Z,2026-05-04T00:41:55.993Z
378836,Bolt_App_Config,2026-05-04T00:41:55.997Z,2026-05-04T00:41:55.997Z
378837,C_01_i_ig000000bw_vv,2026-05-04T00:41:56.000Z,2026-05-04T00:41:56.000Z
378838,C_01_i_ig000000bw_w0,2026-05-04T00:41:56.007Z,2026-05-04T00:41:56.007Z
378839,C_01_i_ig000000bw_w5,2026-05-04T00:41:56.011Z,2026-05-04T00:41:56.011Z
378840,C_01_i_ig000000bw_w_a,2026-05-04T00:41:56.016Z,2026-05-04T00:41:56.016Z
378841,C_01_i_ig000000bw_w_f,2026-05-04T00:41:56.020Z,2026-05-04T00:41:56.020Z
378842,DynamoDBOrder,2026-05-04T00:41:56.025Z,2026-05-04T00:41:56.025Z
378843,Dynamo_eBike_Order,2026-05-04T00:41:56.029Z,2026-05-04T00:41:56.029Z
378844,Ebike_accessory,2026-05-04T00:41:56.034Z,2026-05-04T00:41:56.034Z
378845,Ebikesales,2026-05-04T00:41:56.038Z,2026-05-04T00:41:56.038Z
378846,FAQ,2026-05-04T00:41:56.043Z,2026-05-04T00:41:56.043Z
378847,How_To,2026-05-04T00:41:56.047Z,2026-05-04T00:41:56.047Z
378848,Manufacturing_Event,2026-05-04T00:41:56.051Z,2026-05-04T00:41:56.051Z
378849,Printer_Event,2026-05-04T00:41:56.055Z,2026-05-04T00:41:56.055Z
378850,QLabs,2026-05-04T00:41:56.059Z,2026-05-04T00:41:56.059Z
378851,Record_Access_Setting,2026-05-04T00:41:56.064Z,2026-05-04T00:41:56.064Z
378852,RelayedPlatformEvent,2026-05-04T00:41:56.068Z,2026-05-04T00:41:56.068Z
378853,eBike_Private_Connect_Event,2026-05-04T00:41:56.072Z,2026-05-04T00:41:56.072Z
378854,eBikes_AWS_Relayed_Events,2026-05-04T00:41:56.077Z,2026-05-04T00:41:56.077Z
378855,public_addresschangehistory,2026-05-04T00:41:56.081Z,2026-05-04T00:41:56.081Z
378856,orgcheck,2026-05-04T00:41:56.085Z,2026-05-04T00:41:56.085Z
378857,sfdcInternalInt,2026-05-04T00:41:56.089Z,2026-05-04T00:41:56.089Z