id,name,max,remaining,createdAt,updatedAt
655251,ActiveScratchOrgs,3,3,2026-05-04T00:47:05.525Z,2026-05-04T00:47:05.525Z
655252,AnalyticsExternalDataSizeMB,40960,40960,2026-05-04T00:47:05.525Z,2026-05-04T00:47:05.525Z
655253,CdpAiInferenceApiMonthlyLimit,500000000,500000000,2026-05-04T00:47:05.525Z,2026-05-04T00:47:05.525Z
655254,ConcurrentAsyncGetReportInstances,200,200,2026-05-04T00:47:05.525Z,2026-05-04T00:47:05.525Z
655255,ConcurrentEinsteinDataInsightsStoryCreation,5,5,2026-05-04T00:47:05.525Z,2026-05-04T00:47:05.525Z
655256,ConcurrentEinsteinDiscoveryStoryCreation,2,2,2026-05-04T00:47:05.525Z,2026-05-04T00:47:05.525Z
655257,ConcurrentSyncReportRuns,20,20,2026-05-04T00:47:05.525Z,2026-05-04T00:47:05.525Z
655258,ContentDistBandwidthLimitMB,51200,51200,2026-05-04T00:47:05.525Z,2026-05-04T00:47:05.525Z
655259,ContentDistViewLimit,50000,50000,2026-05-04T00:47:05.525Z,2026-05-04T00:47:05.525Z
655260,ContentPublicationLimit,2500,2405,2026-05-04T00:47:05.525Z,2026-05-04T00:47:05.525Z
655261,DailyAnalyticsDataflowJobExecutions,60,60,2026-05-04T00:47:05.525Z,2026-05-04T00:47:05.525Z
655262,DailyAnalyticsUploadedFilesSizeMB,51200,51189,2026-05-04T00:47:05.525Z,2026-05-04T00:47:05.525Z
655263,DailyApexCursorLimit,10000,10000,2026-05-04T00:47:05.525Z,2026-05-04T00:47:05.525Z
655264,DailyApexCursorRowsLimit,100000000,100000000,2026-05-04T00:47:05.525Z,2026-05-04T00:47:05.525Z
655265,DailyApexPCursorLimit,200000,200000,2026-05-04T00:47:05.525Z,2026-05-04T00:47:05.525Z
655266,DailyApiRequests,135000,132548,2026-05-04T00:47:05.525Z,2026-05-04T00:47:05.525Z
655267,DailyAsyncApexExecutions,250000,249928,2026-05-04T00:47:05.525Z,2026-05-04T00:47:05.525Z
655268,DailyAsyncApexTests,2180,2180,2026-05-04T00:47:05.525Z,2026-05-04T00:47:05.525Z
655269,DailyBulkApiBatches,15000,15000,2026-05-04T00:47:05.525Z,2026-05-04T00:47:05.525Z
655270,DailyBulkV2QueryFileStorageMB,976562,976562,2026-05-04T00:47:05.525Z,2026-05-04T00:47:05.525Z
655271,DailyBulkV2QueryJobs,10000,10000,2026-05-04T00:47:05.525Z,2026-05-04T00:47:05.525Z
655272,DailyDeliveredPlatformEvents,50000,50000,2026-05-04T00:47:05.525Z,2026-05-04T00:47:05.525Z
655273,DailyDurableGenericStreamingApiEvents,1000000,1000000,2026-05-04T00:47:05.525Z,2026-05-04T00:47:05.525Z
655274,DailyDurableStreamingApiEvents,1000000,1000000,2026-05-04T00:47:05.525Z,2026-05-04T00:47:05.525Z
655275,DailyEinsteinDataInsightsStoryCreation,1000,1000,2026-05-04T00:47:05.525Z,2026-05-04T00:47:05.525Z
655276,DailyEinsteinDiscoveryOptimizationJobRuns,25,25,2026-05-04T00:47:05.525Z,2026-05-04T00:47:05.525Z
655277,DailyEinsteinDiscoveryPredictAPICalls,50000,50000,2026-05-04T00:47:05.525Z,2026-05-04T00:47:05.525Z
655278,DailyEinsteinDiscoveryPredictionsByCDC,500000,500000,2026-05-04T00:47:05.525Z,2026-05-04T00:47:05.525Z
655279,DailyEinsteinDiscoveryStoryCreation,100,100,2026-05-04T00:47:05.525Z,2026-05-04T00:47:05.525Z
655280,DailyFunctionsApiCallLimit,50000,50000,2026-05-04T00:47:05.525Z,2026-05-04T00:47:05.525Z
655281,DailyGenericStreamingApiEvents,10000,10000,2026-05-04T00:47:05.525Z,2026-05-04T00:47:05.525Z
655282,DailyMetadataRetrievesWithDependencies,25,25,2026-05-04T00:47:05.525Z,2026-05-04T00:47:05.525Z
655283,DailyScratchOrgs,6,6,2026-05-04T00:47:05.525Z,2026-05-04T00:47:05.525Z
655284,DailyServiceEmailAgentforceCalls,5000,5000,2026-05-04T00:47:05.525Z,2026-05-04T00:47:05.525Z
655285,DailyStandardVolumePlatformEvents,50000,50000,2026-05-04T00:47:05.525Z,2026-05-04T00:47:05.525Z
655286,DailyStreamingApiEvents,1000000,1000000,2026-05-04T00:47:05.525Z,2026-05-04T00:47:05.525Z
655287,DailyWorkflowEmails,99000,99000,2026-05-04T00:47:05.525Z,2026-05-04T00:47:05.525Z
655288,DataStorageMB,40550,40317,2026-05-04T00:47:05.525Z,2026-05-04T00:47:05.525Z
655289,DurableStreamingApiConcurrentClients,2000,1997,2026-05-04T00:47:05.525Z,2026-05-04T00:47:05.525Z
655290,ExternalServicesActiveObjects,3000,3000,2026-05-04T00:47:05.525Z,2026-05-04T00:47:05.525Z
655291,ExternalServicesActiveOperations,3000,2998,2026-05-04T00:47:05.525Z,2026-05-04T00:47:05.525Z
655292,ExternalServicesObjectProperties,400000,400000,2026-05-04T00:47:05.525Z,2026-05-04T00:47:05.525Z
655293,ExternalServicesObjects,10000,10000,2026-05-04T00:47:05.525Z,2026-05-04T00:47:05.525Z
655294,ExternalServicesOperations,10000,9998,2026-05-04T00:47:05.525Z,2026-05-04T00:47:05.525Z
655295,ExternalServicesRegistrations,700,698,2026-05-04T00:47:05.525Z,2026-05-04T00:47:05.525Z
655296,FileStorageMB,99318,98705,2026-05-04T00:47:05.525Z,2026-05-04T00:47:05.525Z
655297,HourlyAsyncReportRuns,1200,1200,2026-05-04T00:47:05.525Z,2026-05-04T00:47:05.525Z
655298,HourlyDashboardRefreshes,200,200,2026-05-04T00:47:05.525Z,2026-05-04T00:47:05.525Z
655299,HourlyDashboardResults,5000,5000,2026-05-04T00:47:05.525Z,2026-05-04T00:47:05.525Z
655300,HourlyDashboardStatuses,999999999,999999999,2026-05-04T00:47:05.525Z,2026-05-04T00:47:05.525Z
655301,HourlyElevateAsyncReportRuns,1200,1200,2026-05-04T00:47:05.525Z,2026-05-04T00:47:05.525Z
655302,HourlyElevateSyncReportRuns,500,500,2026-05-04T00:47:05.525Z,2026-05-04T00:47:05.525Z
655303,HourlyLongTermIdMapping,100000,100000,2026-05-04T00:47:05.525Z,2026-05-04T00:47:05.525Z
655304,HourlyManagedContentPublicRequests,50000,50000,2026-05-04T00:47:05.525Z,2026-05-04T00:47:05.525Z
655305,HourlyODataCallout,100000,100000,2026-05-04T00:47:05.525Z,2026-05-04T00:47:05.525Z
655306,HourlyPublishedPlatformEvents,250000,250000,2026-05-04T00:47:05.525Z,2026-05-04T00:47:05.525Z
655307,HourlyPublishedStandardVolumePlatformEvents,100000,100000,2026-05-04T00:47:05.525Z,2026-05-04T00:47:05.525Z
655308,HourlyShortTermIdMapping,100000,100000,2026-05-04T00:47:05.525Z,2026-05-04T00:47:05.525Z
655309,HourlySyncReportRuns,500,500,2026-05-04T00:47:05.525Z,2026-05-04T00:47:05.525Z
655310,HourlyTimeBasedWorkflow,50,50,2026-05-04T00:47:05.525Z,2026-05-04T00:47:05.525Z
655311,MassEmail,5000,5000,2026-05-04T00:47:05.525Z,2026-05-04T00:47:05.525Z
655312,MaxContentDocumentsLimit,30000000,29983792,2026-05-04T00:47:05.525Z,2026-05-04T00:47:05.525Z
655313,MonthlyEinsteinDiscoveryStoryCreation,500,500,2026-05-04T00:47:05.525Z,2026-05-04T00:47:05.525Z
655314,Package2VersionCreates,6,6,2026-05-04T00:47:05.525Z,2026-05-04T00:47:05.525Z
655315,Package2VersionCreatesWithoutValidation,500,500,2026-05-04T00:47:05.525Z,2026-05-04T00:47:05.525Z
655316,PermissionSets,1500,1408,2026-05-04T00:47:05.525Z,2026-05-04T00:47:05.525Z
655317,PlatformEventTriggersWithParallelProcessing,5,5,2026-05-04T00:47:05.525Z,2026-05-04T00:47:05.525Z
655318,PrivateConnectOutboundCalloutHourlyLimitMB,644,644,2026-05-04T00:47:05.525Z,2026-05-04T00:47:05.525Z
655319,PublishCallbackUsageInApex,5242880,5242880,2026-05-04T00:47:05.525Z,2026-05-04T00:47:05.525Z
655320,ScheduledFlowRunLimit,250000,250000,2026-05-04T00:47:05.525Z,2026-05-04T00:47:05.525Z
655321,ScheduledPathRunLimit,250000,250000,2026-05-04T00:47:05.525Z,2026-05-04T00:47:05.525Z
655322,SingleEmail,100,100,2026-05-04T00:47:05.525Z,2026-05-04T00:47:05.525Z
655323,StreamingApiConcurrentClients,2000,2000,2026-05-04T00:47:05.525Z,2026-05-04T00:47:05.525Z