id,riskType,setting,settingGroup,orgValue,standardValue,durableId,settingRiskCategory,createdAt,updatedAt
409223,HIGH_RISK,Lock sessions to the domain in which they were first used,SessionSettings,Disabled,Enabled,SessionSettings.lockSessionsToDomain,HIGH_RISK,2026-05-04T00:41:39.753Z,2026-05-04T00:41:39.753Z
409224,HIGH_RISK,Enable clickjack protection for customer Visualforce pages with standard headers,SessionSettings,Disabled,Enabled,SessionSettings.clickjackVisualForceHeaders,HIGH_RISK,2026-05-04T00:41:39.753Z,2026-05-04T00:41:39.753Z
409225,HIGH_RISK,Enable clickjack protection for customer Visualforce pages with headers disabled,SessionSettings,Disabled,Enabled,SessionSettings.clickjackVisualForceNoHeaders,HIGH_RISK,2026-05-04T00:41:39.753Z,2026-05-04T00:41:39.753Z
409226,HIGH_RISK,Require HttpOnly attribute,SessionSettings,Disabled,Enabled,SessionSettings.requireHttpOnly,HIGH_RISK,2026-05-04T00:41:39.753Z,2026-05-04T00:41:39.753Z
409227,HIGH_RISK,Expired Certificate,CertificateAndKeyManagement,3,0,CertificateAndKeyManagement.expiredCert,HIGH_RISK,2026-05-04T00:41:39.753Z,2026-05-04T00:41:39.753Z
409228,HIGH_RISK,MFA Enabled,Identity,false,true,Identity.mfaEnabled,HIGH_RISK,2026-05-04T00:41:39.753Z,2026-05-04T00:41:39.753Z
409229,HIGH_RISK,Maximum invalid login attempts,PasswordPolicies,No Limit,3,PasswordPolicies.maxLoginAttempts,HIGH_RISK,2026-05-04T00:41:39.753Z,2026-05-04T00:41:39.753Z
409230,HIGH_RISK,Number of Objects with Default External Access Set to Public,SharingSettings,11,0,SharingSettings.orgWideDefaults,HIGH_RISK,2026-05-04T00:41:39.753Z,2026-05-04T00:41:39.753Z
409231,MEETS_STANDARD,Let users verify their identity by text (SMS),SessionSettings,Enabled,Enabled,SessionSettings.enableSmsIdentity,HIGH_RISK,2026-05-04T00:41:39.753Z,2026-05-04T00:41:39.753Z
409232,MEETS_STANDARD,Enable clickjack protection for Setup pages,SessionSettings,Enabled,Enabled,SessionSettings.clickjackSetup,HIGH_RISK,2026-05-04T00:41:39.753Z,2026-05-04T00:41:39.753Z
409233,MEETS_STANDARD,Enable clickjack protection for non-Setup Salesforce pages,SessionSettings,Enabled,Enabled,SessionSettings.clickjackNonSetup,HIGH_RISK,2026-05-04T00:41:39.753Z,2026-05-04T00:41:39.753Z
409234,MEETS_STANDARD,Enable CSRF protection on GET requests on non-setup pages,SessionSettings,Enabled,Enabled,SessionSettings.csrfGet,HIGH_RISK,2026-05-04T00:41:39.753Z,2026-05-04T00:41:39.753Z
409235,MEETS_STANDARD,Enable CSRF protection on POST requests on non-setup pages,SessionSettings,Enabled,Enabled,SessionSettings.csrfPost,HIGH_RISK,2026-05-04T00:41:39.753Z,2026-05-04T00:41:39.753Z
409236,MEETS_STANDARD,Number of security risk file types with Hybrid behavior,FileUploadAndDownloadSecurity,0 security risk file types with Hybrid behavior,0 security risk file types with Hybrid behavior,FileUploadAndDownloadSecurity.hybridSecurityRiskFileTypes,HIGH_RISK,2026-05-04T00:41:39.753Z,2026-05-04T00:41:39.753Z
409237,MEETS_STANDARD,Number of trusted IP ranges,NetworkSecurity,1,1,NetworkSecurity.trustedIpRangesConfigured,HIGH_RISK,2026-05-04T00:41:39.753Z,2026-05-04T00:41:39.753Z
409238,MEETS_STANDARD,Allow access to External Client App consumer secrets via Metadata API,ExternalClientApps,false,false,ExternalClientApps.metadataApiAccess,HIGH_RISK,2026-05-04T00:41:39.753Z,2026-05-04T00:41:39.753Z
409239,HIGH_RISK,Enforce login IP ranges on every request,SessionSettings,Disabled,Enabled,SessionSettings.enforceLoginIp,MEDIUM_RISK,2026-05-04T00:41:39.753Z,2026-05-04T00:41:39.753Z
409240,HIGH_RISK,Terminate all of a user's sessions when an admin resets that user's password,SessionSettings,Disabled,Enabled,SessionSettings.terminateSessionsOnPasswordReset,MEDIUM_RISK,2026-05-04T00:41:39.753Z,2026-05-04T00:41:39.753Z
409241,HIGH_RISK,User passwords expire in,PasswordPolicies,Never expires,30 days,PasswordPolicies.expiration,MEDIUM_RISK,2026-05-04T00:41:39.753Z,2026-05-04T00:41:39.753Z
409242,HIGH_RISK,Administrators Can Log in as Any User,LoginAccessPolicies,Enabled,Disabled,LoginAccessPolicies.adminLoginAsAnyUser,MEDIUM_RISK,2026-05-04T00:41:39.753Z,2026-05-04T00:41:39.753Z
409243,MEDIUM_RISK,Password complexity requirement,PasswordPolicies,Must include alpha and numeric characters,"Must include alpha, numeric, and special characters",PasswordPolicies.complexity,MEDIUM_RISK,2026-05-04T00:41:39.753Z,2026-05-04T00:41:39.753Z
409244,MEETS_STANDARD,Force relogin after Login-As-User,SessionSettings,Enabled,Enabled,SessionSettings.forceRelogin,MEDIUM_RISK,2026-05-04T00:41:39.753Z,2026-05-04T00:41:39.753Z
409245,MEETS_STANDARD,Enable Content Security Policy protection for email templates,SessionSettings,Enabled,Enabled,SessionSettings.cspOnEmail,MEDIUM_RISK,2026-05-04T00:41:39.753Z,2026-05-04T00:41:39.753Z
409246,MEETS_STANDARD,Enable Content Sniffing protection,SessionSettings,Enabled,Enabled,SessionSettings.contentSniffingProtection,MEDIUM_RISK,2026-05-04T00:41:39.753Z,2026-05-04T00:41:39.753Z
409247,MEETS_STANDARD,Require a minimum 1 day password lifetime,PasswordPolicies,Enabled,Enabled,PasswordPolicies.minOneDayPasswordLifetime,MEDIUM_RISK,2026-05-04T00:41:39.753Z,2026-05-04T00:41:39.753Z
409248,MEETS_STANDARD,Enforce password history,PasswordPolicies,3 passwords remembered,3 passwords remembered,PasswordPolicies.history,MEDIUM_RISK,2026-05-04T00:41:39.753Z,2026-05-04T00:41:39.753Z
409249,MEETS_STANDARD,Minimum password length,PasswordPolicies,8 characters,8 characters,PasswordPolicies.minPasswordLength,MEDIUM_RISK,2026-05-04T00:41:39.753Z,2026-05-04T00:41:39.753Z
409250,HIGH_RISK,Require identity verification for email address changes,SessionSettings,Disabled,Enabled,SessionSettings.icOnEmailChange,LOW_RISK,2026-05-04T00:41:39.753Z,2026-05-04T00:41:39.753Z
409251,MEETS_STANDARD,Remote Site Settings,RemoteSiteSettings,No remote sites with the Disable Protocol Security option selected,No remote sites with the Disable Protocol Security option selected,RemoteSiteSettings.remoteSiteSettings,LOW_RISK,2026-05-04T00:41:39.753Z,2026-05-04T00:41:39.753Z
409252,MEETS_STANDARD,Force logout on session timeout,SessionSettings,Enabled,Enabled,SessionSettings.forceLogoutOnTimeout,LOW_RISK,2026-05-04T00:41:39.753Z,2026-05-04T00:41:39.753Z
409253,MEETS_STANDARD,Require identity verification during multi-factor authentication (MFA) registration,SessionSettings,Enabled,Enabled,SessionSettings.icOn2faRegistration,LOW_RISK,2026-05-04T00:41:39.753Z,2026-05-04T00:41:39.753Z
409254,MEETS_STANDARD,Session Timeout,SessionSettings,2 hours,15 minutes,SessionSettings.timeout,LOW_RISK,2026-05-04T00:41:39.753Z,2026-05-04T00:41:39.753Z
409255,MEETS_STANDARD,Obscure secret answer for password resets,PasswordPolicies,Enabled,Enabled,PasswordPolicies.obscureSecretAnswer,LOW_RISK,2026-05-04T00:41:39.753Z,2026-05-04T00:41:39.753Z
409256,MEETS_STANDARD,Password question requirement,PasswordPolicies,Cannot contain password,Cannot contain password,PasswordPolicies.questionRestriction,LOW_RISK,2026-05-04T00:41:39.753Z,2026-05-04T00:41:39.753Z
409257,MEETS_STANDARD,Lockout effective period,PasswordPolicies,30 minutes,30 minutes,PasswordPolicies.lockoutInterval,LOW_RISK,2026-05-04T00:41:39.753Z,2026-05-04T00:41:39.753Z
409258,HIGH_RISK,Require permission to view record names in lookup fields,UserPIISettings,Disabled,Enabled,UserPIISettings.enforceNameVisibility,INFORMATIONAL,2026-05-04T00:41:39.753Z,2026-05-04T00:41:39.753Z
409259,MEDIUM_RISK,Lock sessions to the IP address from which they originated,SessionSettings,__MISSING LABEL__ PropertyFile - val SessionSettings.lockSessionsToIpDisabled not found in section Page_SessionSettings,__MISSING LABEL__ PropertyFile - val SessionSettings.lockSessionsToIpEnabled not found in section Page_SessionSettings,SessionSettings.lockSessionsToIp,INFORMATIONAL,2026-05-04T00:41:39.753Z,2026-05-04T00:41:39.753Z
409260,MEDIUM_RISK,Key Size,CertificateAndKeyManagement,2048,4096,CertificateAndKeyManagement.keySize,INFORMATIONAL,2026-05-04T00:41:39.753Z,2026-05-04T00:41:39.753Z
409261,MEDIUM_RISK,Certificate Expiration,CertificateAndKeyManagement,54 days,180 days,CertificateAndKeyManagement.certExpiration,INFORMATIONAL,2026-05-04T00:41:39.753Z,2026-05-04T00:41:39.753Z
409262,MEETS_STANDARD,Number of Objects to which Guest User Profiles have Edit Access,GuestUserAccess,0.0,4.0,GuestUserAccess.guestEditAccess,INFORMATIONAL,2026-05-04T00:41:39.753Z,2026-05-04T00:41:39.753Z
409263,MEETS_STANDARD,Number of Objects to which Guest User Profiles have Read Access,GuestUserAccess,2.0,4.0,GuestUserAccess.guestReadAccess,INFORMATIONAL,2026-05-04T00:41:39.753Z,2026-05-04T00:41:39.753Z
409264,MEETS_STANDARD,Allow redirections to untrusted external URLs without warning,SessionSettings,Disabled,Disabled,SessionSettings.redirectionAllowUntrusted,INFORMATIONAL,2026-05-04T00:41:39.753Z,2026-05-04T00:41:39.753Z
409265,MEETS_STANDARD,Percentage of active internal users with System Administrator profile,AdminUsers,3%,5%,AdminUsers.activeSystemAdministratorCount,INFORMATIONAL,2026-05-04T00:41:39.753Z,2026-05-04T00:41:39.753Z
409266,MEETS_STANDARD,SAML Enabled,Identity,true,true,Identity.samlEnabled,INFORMATIONAL,2026-05-04T00:41:39.753Z,2026-05-04T00:41:39.753Z